Record,City,Country,ID,Latitude,Longitude,Temperature,Humidity,Cloud Cover,Wind Speed
0,Ardakān,IR,143073,32.31,54.02,68,33,40,13.87
1,Ushuaia,AR,3833367,-54.8,-68.3,55.4,47,20,6.93
2,Cañon City,US,5416005,38.44,-105.24,39.11,80,90,6.98
3,Aklavik,CA,5882953,68.22,-135.01,23.7,67,90,9.17
4,Punta Arenas,CL,3874787,-53.15,-70.92,59,58,75,20.8
5,Ilulissat,GL,3423146,69.22,-51.1,3.2,71,75,8.05
6,Asău,RO,686090,46.43,26.4,43.72,48,90,12.75
7,Bosaso,SO,64013,11.28,49.18,76.95,85,55,13.18
8,Longyearbyen,SJ,2729907,78.22,15.64,-2.2,53,40,11.41
9,Tulum,MX,3515040,20.22,-87.47,84.49,58,40,16.11
10,Znamenskoye,RU,1485020,57.13,73.83,34.65,86,88,12.01
11,Oudtshoorn,ZA,967106,-33.59,22.2,64.4,100,92,1.12
12,Hamilton,US,4513583,39.18,-84.53,35.22,93,90,12.75
13,Ixtapa,MX,4004293,20.7,-105.2,78.89,74,5,13.87
14,East London,ZA,1006984,-33.02,27.91,73.89,78,51,8.93
15,Fortuna,US,5563839,40.6,-124.16,47.03,87,75,13.87
16,New Norfolk,AU,2155415,-42.78,147.06,49.96,81,75,5.82
17,Chokurdakh,RU,2126123,70.63,147.92,-27.99,97,0,2.8
18,Itoman,JP,1861280,26.12,127.67,57.33,54,75,23.04
19,San Francisco,US,5391959,37.77,-122.42,50.22,76,90,11.41
20,Vao,NC,2137773,-22.67,167.48,83.25,82,100,21.39
21,Jiuquan,CN,1279945,39.74,98.52,29.43,33,97,3.13
22,Dunedin,NZ,2191562,-45.87,170.5,57.51,75,100,1.01
23,Upernavik,GL,3418910,72.79,-56.15,-10.35,97,100,3.56
24,Codrington,AU,2171099,-38.27,141.97,58.95,71,1,15.66
25,Rikitea,PF,4030556,-23.12,-134.97,77.67,80,0,13.69
26,Saint Paul Harbor,US,5866583,57.79,-152.41,33.8,59,1,5.82
27,Muhafazat Lahij,YE,6201197,13.17,44.58,73.17,69,0,7.56
28,Nālūt,LY,2214432,30.33,10.85,63.45,21,0,9.44
29,Aykhal,RU,2027296,66,111.5,15.8,92,70,6.71
30,Kupang,ID,2057087,-10.17,123.58,81.09,82,5,4.29
31,Ouadda,CF,236901,8.08,22.4,80.91,23,100,4.41
32,Blantyre,MW,931755,-15.79,35.01,67.77,83,64,4.14
33,Vardø,NO,777019,70.37,31.11,18.63,67,40,21.18
34,Port Lincoln,AU,2063036,-34.73,135.87,60.21,76,99,15.39
35,Tuktoyaktuk,CA,6170031,69.45,-133.04,21.2,85,90,29.97
36,Uni,RU,478996,57.75,51.49,28.35,94,78,3.53
37,Bredasdorp,ZA,1015776,-34.53,20.04,66.58,77,67,6.93
38,Hermanus,ZA,3366880,-34.42,19.23,64.44,92,53,13.4
39,Mar del Plata,AR,3430863,-38,-57.56,68.49,64,0,12.75
40,Butaritari,KI,2110227,3.07,172.79,83.61,70,100,9.13
41,Faanui,PF,4034551,-16.48,-151.75,83.07,77,2,15.75
42,Gravelbourg,CA,5965462,49.88,-106.55,19.35,68,100,16.08
43,Pilar,BR,3392126,-9.6,-35.96,82.4,74,75,11.41
44,Coyhaique,CL,3894426,-45.58,-72.07,59,51,75,3.36
45,Kapaa,US,5848280,22.08,-159.32,73.8,60,1,9.17
46,Castro,BR,3466704,-24.79,-50.01,73.17,59,0,2.06
47,Clyde River,CA,5924351,70.47,-68.59,-16.6,62,20,1.07
48,Opuwo,NA,3354077,-18.06,13.84,71.91,67,88,4.63
49,Torbay,CA,6167817,47.67,-52.73,36.39,80,20,28.86
50,Srīvardhan,IN,1255619,18.03,73.02,72.27,47,71,4.16
51,Dwārka,IN,1272140,22.24,68.97,75.69,52,100,13.69
52,Ribeira Grande,PT,3372707,38.52,-28.7,60.8,77,40,5.82
53,Portland,US,5746545,45.52,-122.68,38.32,65,75,21.92
54,Albany,US,5106841,42.6,-73.97,41.09,45,75,20.8
55,Bluff,NZ,2206939,-46.6,168.33,55.99,80,100,3
56,Saskylakh,RU,2017155,71.92,114.08,1.35,95,95,10.71
57,Sola,VU,2134814,-13.88,167.55,85.41,76,54,22.17
58,Saint-Philippe,RE,935215,-21.36,55.77,74.48,83,67,12.75
59,Tuttlingen,DE,2820693,47.98,8.82,38.35,69,80,1.12
60,Villamontes,BO,3901547,-21.25,-63.5,96.93,29,88,12.39
61,Lompoc,US,5367788,34.64,-120.46,56.77,62,90,4.7
62,Gavirate,IT,3176261,45.84,8.72,45.14,93,88,4.7
63,Busselton,AU,2075265,-33.65,115.33,64.63,98,98,10.11
64,Gulu,UG,233346,2.77,32.3,74.07,73,84,0.31
65,Strezhevoy,RU,1490796,60.73,77.59,33.8,97,90,11.18
66,Shellbrook,CA,6145951,53.22,-106.4,10.4,51,90,8.05
67,Tairua,NZ,2182010,-37.02,175.85,65.43,71,0,8.59
68,Atar,MR,2381334,20.52,-13.05,71.55,10,0,5.32
69,Sulphur,US,4342816,30.24,-93.38,78.91,74,40,11.41
70,Saint George,US,5546220,37.1,-113.58,60.1,55,40,11.41
71,Norman Wells,CA,6089245,65.28,-126.83,19.4,57,90,3.36
72,Inuvik,CA,5983607,68.35,-133.72,24.04,58,90,12.57
73,Mataura,NZ,6201424,-46.19,168.86,55.99,81,100,3
74,Tiksi,RU,2015306,71.69,128.87,-16.11,80,0,8.46
75,Alofi,NU,4036284,-19.06,-169.92,82.4,83,75,6.93
76,Nanortalik,GL,3421765,60.14,-45.24,20.97,72,100,9.06
77,Saint-François,FR,2980080,46.42,3.91,39.49,80,0,2.8
78,Samarai,PG,2132606,-10.62,150.67,77.13,85,100,4.97
79,Cape Town,ZA,3369157,-33.93,18.42,66.34,82,75,16.11
80,Acaraú,BR,3408368,-2.89,-40.12,77.49,92,98,4.09
81,Saint-Pierre,RE,935214,-21.34,55.48,74.62,83,36,12.75
82,Hilo,US,5855927,19.73,-155.09,68.07,83,90,3.36
83,Beatrice,US,5063646,40.27,-96.75,34.57,90,90,16.11
84,Lebu,CL,3883457,-37.62,-73.65,62.73,55,0,13.42
85,Havøysund,NO,779622,71,24.66,19.4,79,90,33.33
86,Port Alfred,ZA,964432,-33.59,26.89,68,87,92,4
87,Maceió,BR,3395981,-9.67,-35.74,82.4,74,75,11.41
88,Winnemucca,US,5710360,40.97,-117.74,51.8,29,90,20.8
89,São Sepé,BR,3448207,-30.16,-53.57,104,24,40,2.24
90,São José da Coroa Grande,BR,3388456,-8.9,-35.15,82.53,74,100,12.24
91,Beringovskiy,RU,2126710,63.05,179.32,15.39,87,0,6.89
92,Macamic,CA,6062563,48.75,-79,23,45,20,12.75
93,Naze,JP,1855540,28.37,129.48,59,51,54,19.46
94,Poum,NC,2138555,-20.23,164.02,84.15,80,90,40.96
95,Nome,US,5870133,64.5,-165.41,32,99,90,5.82
96,Wasco,US,5550368,35.59,-119.34,64.72,48,90,8.05
97,Lüderitz,NA,3355672,-26.65,15.16,69.8,68,0,17.22
98,Yellowknife,CA,6185377,62.46,-114.35,6.44,54,90,11.41
99,Homer,US,5864145,59.64,-151.55,29.91,63,1,5.82
100,Kruisfontein,ZA,986717,-34,24.73,62.19,93,42,7.58
101,Carnarvon,AU,2074865,-24.87,113.63,77,83,75,9.17
102,Kiryat Gat,IL,293842,31.61,34.76,55.53,93,40,5.82
103,Road Town,VG,3577430,18.42,-64.62,78.64,78,40,5.82
104,Sandwick,GB,2638534,60,-1.25,44.6,93,75,18.34
105,Barrow,US,5880054,71.29,-156.79,10.4,85,40,26.4
106,Tahe,CN,2034615,52.33,124.73,-10.89,85,0,4.59
107,Hithadhoo,MV,1282256,-0.6,73.08,83.07,64,85,4.07
108,Poronaysk,RU,2121909,49.22,143.12,18.27,93,100,4.09
109,Jamestown,US,5122534,42.1,-79.24,34.05,64,1,3.36
110,Salinas,US,5391295,36.68,-121.66,54.91,51,20,14.99
111,Ancud,CL,3899695,-41.87,-73.82,60.8,59,34,6.93
112,Cabo San Lucas,MX,3985710,22.89,-109.91,77.7,44,40,23.04
113,Yārāda,IN,1252783,17.65,83.27,73.4,94,20,2.24
114,Haftoni,AZ,148088,38.76,48.76,51.8,87,40,3.36
115,Los Llanos de Aridane,ES,2514651,28.66,-17.92,60.73,63,40,11.41
116,Harper,LR,2276492,4.38,-7.72,77.67,93,67,3.02
117,Saint Anthony,US,5044290,45.02,-93.22,32.88,40,1,3.36
118,Pevek,RU,2122090,69.7,170.31,-10.89,76,54,9.19
119,Balsas,BR,3406545,-7.53,-46.04,80.37,78,82,3.47
120,Ürümqi,CN,1529102,43.8,87.6,35.6,64,26,4.47
121,Šalčininkai,LT,595016,54.3,25.38,25.23,79,0,9.17
122,Mahébourg,MU,934322,-20.41,57.7,76.23,88,40,3.36
123,Airai,TL,1651810,-8.93,125.41,63.99,83,18,2.91
124,Lavrentiya,RU,4031637,65.58,-171,20.07,57,100,4.83
125,Tūkrah,LY,88834,32.53,20.58,57.33,79,42,5.21
126,Tautira,PF,4033557,-17.73,-149.15,87.8,62,40,2.24
127,Vaini,TO,4032243,-21.2,-175.2,84.2,83,75,19.46
128,Broome,US,5110365,42.25,-75.83,39.99,55,1,12.75
129,Togur,RU,1489499,58.36,82.83,34.47,94,100,15.97
130,Esperance,AU,2071860,-33.87,121.9,64.4,93,40,13.87
131,Tateyama,JP,1850523,34.98,139.87,41.18,75,40,8.05
132,Lanzhou,CN,1804430,36.06,103.79,37.09,24,100,6.71
133,Indian Head,US,4358916,38.6,-77.16,55.51,22,90,10.29
134,Bethel,US,5282297,41.37,-73.41,50.61,36,1,11.41
135,Svetlaya,RU,2015852,46.54,138.33,25.47,69,79,12.95
136,Arraial do Cabo,BR,3471451,-22.97,-42.03,80.6,83,40,11.41
137,Omboué,GA,2396853,-1.57,9.26,77.85,93,100,1.41
138,Alice Springs,AU,2077895,-23.7,133.88,69.8,49,90,3.36
139,Atuona,PF,4020109,-9.8,-139.03,81.45,78,12,12.86
140,Henties Bay,NA,3356832,-22.12,14.28,63,92,0,6.2
141,St. George's,GD,3579925,12.06,-61.75,82.4,78,75,5.82
142,Ahipara,NZ,2194098,-35.17,173.17,63.81,71,0,3.29
143,Zwedru,LR,2272491,6.07,-8.13,77.31,87,97,4.9
144,Doboz,HU,721349,46.73,21.25,43.07,52,100,12.75
145,Sibolga,ID,1213855,1.74,98.78,71.55,95,41,3.31
146,Egvekinot,RU,4031742,66.32,-179.17,2.43,76,0,3.96
147,Port Elizabeth,ZA,964420,-33.92,25.57,67.23,82,91,12.48
148,Bedelē,ET,342567,8.46,36.35,71.37,65,100,0.51
149,Klamath Falls,US,5735238,42.22,-121.78,37.8,80,90,8.79
150,Isangel,VU,2136825,-19.55,169.27,82.4,83,90,4.7
151,Yamada,JP,2110560,39.47,141.95,31.95,77,31,5.06
152,Puerto Ayora,EC,3652764,-0.74,-90.35,84.27,70,20,11.41
153,Mersing,MY,1732826,2.43,103.84,82.4,83,99,8.05
154,Bathsheba,BB,3374083,13.22,-59.52,77,83,75,20.8
155,Waingapu,ID,1622318,-9.66,120.26,82.89,74,100,5.26
156,Constitución,CL,3893726,-35.33,-72.42,65.79,50,67,12.33
157,Quepos,CR,3622193,9.42,-84.17,84.16,45,20,17.22
158,Beyneu,KZ,610298,45.32,55.2,52.47,78,100,7.78
159,Namasuba,UG,228227,0.69,32.42,67.41,90,67,3.02
160,Qaanaaq,GL,3831208,77.48,-69.36,-20.25,61,0,5.26
161,Cayenne,GF,3382160,4.93,-52.33,84.2,66,75,11.41
162,Rundu,NA,3353383,-17.93,19.77,73.4,78,75,8.05
163,Toamasina,MG,1053384,-18.17,49.38,77,88,75,11.41
164,Dikson,RU,1507390,73.51,80.55,-15.75,99,57,11.54
165,Puerto Baquerizo Moreno,EC,3652758,-0.9,-89.6,84.2,74,40,5.82
166,Pathalgaon,IN,1260141,22.57,83.47,62.91,87,21,8.81
167,Avarua,CK,4035715,-21.21,-159.78,84.2,74,37,6.93
168,Avila,ES,3129138,40.58,-5,44.6,62,0,0.67
169,Hobart,AU,2163355,-42.88,147.33,50.25,81,75,5.82
170,Porto Santo,PT,8010683,33.07,-16.34,59.27,63,75,12.75
171,George Town,MY,1735106,5.41,100.34,81.46,83,20,2.24
172,Sitka,US,5557293,57.05,-135.33,38.71,55,1,4.38
173,Hasaki,JP,2112802,35.73,140.83,31.24,63,40,3.36
174,Provideniya,RU,4031574,64.38,-173.3,19.89,81,100,5.12
175,Vila Velha,BR,3445026,-20.33,-40.29,81.1,74,40,9.17
176,Río Gallegos,AR,3838859,-51.62,-69.22,62.6,48,100,9.17
177,Pryazha,RU,504409,61.69,33.62,23,73,100,17.9
178,Zeya,RU,2012593,53.75,127.27,-9.81,84,0,3.87
179,Shingū,JP,1847947,33.73,135.98,44.37,72,0,12.62
180,Deloraine,AU,2169113,-41.53,146.67,49.06,87,68,2.24
181,Virú,PE,3690875,-8.42,-78.75,77,78,20,8.05
182,Sørland,NO,3137469,67.67,12.69,35.01,96,100,23.78
183,Taketa,JP,1850878,32.97,131.38,35.6,80,20,3.36
184,Aksu,CN,1529660,41.12,80.26,40.77,27,7,5.55
185,Dingle,PH,1714733,11,122.67,71.19,89,14,6.15
186,Da Lat,VN,1584071,11.95,108.44,56.25,82,92,3.49
187,Flin Flon,CA,5954718,54.77,-101.86,8.6,50,90,4.7
188,Ballinasloe,IE,2966753,53.33,-8.22,41.67,88,96,13.31
189,Novaya Igirma,RU,2019004,57.13,103.91,30.69,97,100,7.49
190,Linjiang,CN,2036069,41.81,126.91,15.57,90,92,5.66
191,Kahului,US,5847411,20.89,-156.47,76.33,69,40,13.87
192,Berbera,SO,64435,10.44,45.01,78.21,83,42,8.93
193,San Patricio,MX,3985168,19.22,-104.7,86,74,20,5.82
194,Mauá,BR,3457381,-23.67,-46.46,77.31,78,20,9.17
195,Cidreira,BR,3466165,-30.18,-50.21,76.95,83,0,16.89
196,Bloemfontein,ZA,1018725,-29.12,26.21,60.8,87,0,2.24
197,Labuhan,ID,8079926,-6.88,112.21,75.69,92,89,2.42
198,Kavieng,PG,2094342,-2.57,150.8,84.15,72,100,9.84
199,La Santisima Trinidad,BO,3902377,-14.83,-64.9,91.4,63,75,3.36
200,Palauig,PH,1696188,15.44,119.9,72.45,80,56,4.99
201,Bud,US,4255151,39.45,-86.18,34.54,80,90,9.17
202,Klaksvík,FO,2618795,62.23,-6.59,35.6,74,100,9.17
203,Kenora,CA,5991056,49.82,-94.43,21.22,57,100,5.82
204,Bubaque,GW,2374583,11.28,-15.83,84.15,62,0,21.3
205,Boden,SE,606531,65.83,21.69,26.6,58,100,11.41
206,Zhangaözen,KZ,607610,43.3,52.8,55.53,50,100,12.24
207,Ekibastuz,KZ,1524325,51.67,75.37,33.75,82,100,15.46
208,Conceição do Araguaia,BR,3401845,-8.26,-49.26,84.2,70,100,1.72
209,Pisco,PE,3932145,-13.7,-76.22,73.83,30,100,19.46
210,Te Anau,NZ,2181625,-45.42,167.72,51.03,69,100,2.48
211,Taoudenni,ML,2450173,22.68,-3.98,74.25,10,0,3.98
212,Kédougou,SN,2250645,12.56,-12.17,86.67,9,18,2.42
213,Verāval,IN,1253237,20.9,70.37,67.23,26,98,10.54
214,Axum,ET,344420,14.12,38.72,61.11,58,100,3.83
215,Atbasar,KZ,1526038,51.8,68.33,33.93,98,100,12.15
216,Horsham,GB,2646557,51.06,-0.33,48.67,93,75,13.87
217,Ostrovnoy,RU,556268,68.05,39.51,10.89,94,100,13.11
218,Kaitangata,NZ,2208248,-46.28,169.85,57.99,75,100,1.01
219,Souillac,MU,933995,-20.52,57.52,76.24,88,40,3.36
220,Hambantota,LK,1244926,6.12,81.12,78.93,78,20,16.26
221,Leningradskiy,RU,2123814,69.38,178.42,-6.21,72,29,6.96
222,Dryden,CA,5942913,49.78,-92.75,21.2,34,20,9.17
223,Paita,PE,3694112,-5.09,-81.11,62.6,100,100,11.41
224,Korla,CN,1529376,41.76,86.15,37,63,100,1.99
225,Luena,AO,3347719,-11.78,19.92,62.73,96,83,1.21
226,Hyères,FR,6451497,43.12,6.12,51.06,66,2,4.7
227,Biloela,AU,2175819,-24.42,150.5,63.99,81,0,14.9
228,Vágur,FO,2610806,61.47,-6.81,40.59,70,100,23
229,Bambous Virieux,MU,1106677,-20.34,57.76,76.21,88,40,3.36
230,Narsaq,GL,3421719,60.92,-46.05,21.2,67,75,3.36
231,Siedlce,PL,759412,52.17,22.29,25,65,0,10.78
232,Katsuura,JP,2112309,35.13,140.3,41.79,70,20,8.05
233,Nanzhang,CN,1799574,31.78,111.84,52.11,42,0,2.42
234,Khatanga,RU,2022572,71.97,102.5,25.29,88,100,12.8
235,San Quintín,MX,3984997,30.48,-115.95,62.91,67,43,12.06
236,Benghazi,LY,88319,32.12,20.07,62.55,73,33,2.21
237,Luziânia,BR,3458329,-16.25,-47.95,79.45,51,40,9.17
238,Hondomachi-hondo,JP,1862230,32.45,130.2,46.24,61,75,11.41
239,Ambilobe,MG,1082243,-13.2,49.05,81.45,85,100,14.74
240,Ifanadiana,MG,1064366,-21.3,47.63,67.77,99,99,2.19
241,Bilibino,RU,2126682,68.05,166.44,-11.61,80,100,4.76
242,Acapulco de Juárez,MX,3533462,16.86,-99.89,87.8,62,20,6.93
243,Valera,VE,3625542,9.32,-70.6,83.43,57,11,4.94
244,Chu,KZ,1519030,43.6,73.76,46,40,55,10
245,Kandrian,PG,2094746,-6.22,149.55,78.21,85,100,9.62
246,Pacific Grove,US,5380437,36.62,-121.92,54.95,51,20,14.99
247,Saldanha,ZA,3361934,-33.01,17.94,64.4,82,0,12.75
248,Sarkand,KZ,1519691,45.41,79.92,38.07,47,0,7.18
249,Geraldton,AU,2070998,-28.77,114.6,72.39,88,40,11.41
250,Ketchikan,US,5554428,55.34,-131.65,38.32,38,1,13.87
251,Ust-Nera,RU,2120048,64.57,143.2,-28.71,96,0,1.16
252,Cabo Rojo,PR,4562996,18.09,-67.15,81.05,69,75,13.87
253,Thompson,CA,6165406,55.74,-97.86,6.8,46,20,2.24
254,Tubualá,PA,3700393,9.52,-79.03,91.24,41,20,16.11
255,Iskateley,RU,866062,67.68,53.15,1.17,86,19,3.74
256,Lorengau,PG,2092164,-2.02,147.27,83.79,78,100,12.21
257,Ol'ga,RU,2018553,43.74,135.29,30.33,78,99,14.79
258,Mossamedes,AO,3347019,-15.2,12.15,76.23,75,100,4.09
259,Bengkulu,ID,1649150,-3.8,102.27,74.61,91,95,3.27
260,Port Macquarie,AU,2152659,-31.43,152.92,61.36,100,90,12.75
261,Ngunguru,NZ,2186111,-35.62,174.5,65.59,75,0,5.01
262,Čejkovice,CZ,3078181,48.91,16.94,34.77,43,49,6.93
263,Kuusamo,FI,649924,65.97,29.18,-7.6,83,15,1.12
264,Eyrarbakki,IS,3413604,63.86,-21.15,18.81,58,20,10.29
265,Disna,BY,629055,55.57,28.2,24.03,69,0,9.82
266,San Lazaro,BZ,3581514,18.04,-88.66,84.2,70,20,8.05
267,Sakakah,SA,102527,29.97,40.21,60.8,67,75,20.8
268,Douglas,US,5067114,41.3,-96.17,34.75,74,90,6.93
269,Carndonagh,IE,2965761,55.25,-7.27,39.51,92,36,8.68
270,Morant Bay,JM,3489440,17.88,-76.41,85.06,62,20,10.29
271,Câmara de Lobos,PT,2270380,32.63,-16.97,57.58,76,75,11.41
272,Puerto del Rosario,ES,2512186,28.5,-13.86,64.4,68,20,13.87
273,Kumul,CN,1529484,42.8,93.45,35.91,31,60,4.12
274,Grafton,US,4938048,42.21,-71.69,49.71,39,1,14.99
275,Orbetello,IT,3171985,42.44,11.22,49.03,87,40,1.12
276,Sanguéya,GN,2416061,10.7,-14.37,78.21,74,28,5.88
277,Krasnaya Gora,RU,542788,53,31.6,30.2,68,75,13.42
278,Bose,IT,6457397,45.46,8.01,46.13,81,75,3.36
279,Ures,MX,3980782,29.43,-110.4,73.29,43,0,1.99
280,Angoche,MZ,1052944,-16.23,39.91,73.71,95,46,4.47
281,Kulhudhuffushi,MV,1337613,6.62,73.07,83.43,75,4,6.98
282,Shenjiamen,CN,1795632,29.96,122.3,51.57,70,0,11.99
283,Monduli,TZ,153247,-3.3,36.45,68.67,86,100,8.84
284,Ocós,GT,3592086,14.51,-92.19,89.6,62,40,6.93
285,Touros,BR,3386213,-5.2,-35.46,82.4,74,40,9.17
286,Guerrero Negro,MX,4021858,27.98,-114.06,67.59,56,0,11.63
287,Price,US,5545269,39.6,-110.81,42.85,81,90,5.82
288,Houma,US,4328010,29.6,-90.72,79.97,65,1,11.41
289,Sungai Raya,ID,1625908,0.7,108.9,74.79,96,100,2.42
290,Sekoma,BW,933102,-24.4,23.88,78.75,35,74,7.27
291,Honiara,SB,2108502,-9.43,159.95,78.8,88,40,4.7
292,Pochutla,MX,3517970,15.74,-96.47,88.34,52,20,17.22
293,Coahuayana Viejo,MX,4013679,18.73,-103.68,80.6,74,40,6.85
294,Caravelas,BR,3466980,-17.71,-39.25,80.55,79,97,11.88
295,Aurās,IN,1278142,26.92,80.52,64.4,93,75,2.24
296,Zhalantun,CN,2033225,48,122.72,-1.89,79,0,6.93
297,Evensk,RU,2125693,61.95,159.23,14.49,95,100,9.35
298,Nikolskoye,RU,546105,59.7,30.79,25.7,35,97,17.9
299,Rantepao,ID,1629974,-2.97,119.9,66.87,96,100,0.49
300,Toktogul,KG,1538648,41.87,72.94,22.77,56,0,6.38
301,García,MX,3980190,25.82,-100.58,84.83,42,75,5.82
302,Marawi,PH,1701054,8,124.29,73.99,87,1,5.01
303,Valparaíso,CL,3868626,-33.04,-71.63,72.7,38,0,17.22
304,Drayton Valley,CA,5942547,53.22,-114.99,2.25,82,100,7.92
305,Olafsvik,IS,3414079,64.89,-23.71,26.19,70,63,12.1
306,Kholodnyy,RU,2124611,62.72,147.95,-12.33,89,100,4.21
307,São João da Barra,BR,3448903,-21.64,-41.05,81.21,78,35,6.93
308,Kaeo,NZ,2189343,-35.1,173.78,65.46,88,1,1.99
309,Kuching,MY,1735634,1.55,110.33,77,94,40,1.92
310,Danielskuil,ZA,1011918,-28.19,23.54,65.25,39,0,1.74
311,Riyadh,SA,108410,24.69,46.72,68,45,38,3.36
312,Kyren,RU,2021031,51.68,102.14,18.81,81,100,8.84
313,Kalmunai,LK,1242110,7.42,81.82,81.09,75,43,10.33
314,Ati,TD,2436400,13.22,18.34,74.61,11,0,12.62
315,Ponta do Sol,PT,2264557,32.67,-17.1,57.61,76,75,11.41
316,Tasiilaq,GL,3424607,65.61,-37.64,3.2,65,0,3.36
317,Bereda,ES,3105522,43.27,-7.54,47.17,87,20,1.12
318,Igarka,RU,1505991,67.47,86.58,30.15,97,100,16.26
319,Rambha,IN,1258714,19.52,85.1,74.25,80,85,4
320,Youghal,IE,2960869,51.95,-7.85,47.8,81,40,14.99
321,Deputatsky,RU,2028164,69.3,139.9,-35.91,98,0,1.28
322,Maniitsoq,GL,3421982,65.42,-52.9,3.33,85,99,12.3
323,Jijiga,ET,333795,9.35,42.8,67.05,70,47,3
324,Āreka,ET,343593,7.07,37.7,69.03,65,99,2.8
325,Kabalo,CD,215668,-6.05,26.92,69.39,92,71,0.94
326,Cookeville,US,4615145,36.16,-85.5,52.07,76,75,5.21
327,Puerto Quijarro,BO,3444201,-17.78,-57.77,89.55,57,36,4.18
328,Puerto Lempira,HN,3603157,15.27,-83.77,79.65,78,4,13.53
329,Awjilah,LY,88533,29.11,21.29,63.99,37,94,0.47
330,Kasane,BW,933677,-17.82,25.15,69.93,83,94,4.74
331,Necochea,AR,3430443,-38.55,-58.74,66.99,73,0,8.99
332,San Juan Bautista,PE,3929493,-14.01,-75.74,74.79,30,95,19.46
333,Envira,BR,3664301,-7.3,-70.22,91.35,55,54,0.85
334,Narasannapeta,IN,1261853,18.42,84.05,72.63,85,0,1.72
335,Alice Town,BS,3572924,25.72,-79.3,76.23,75,27,10.36
336,High Prairie,CA,5975034,55.43,-116.49,2.79,76,0,0.56
337,Norden,DE,2862118,53.6,7.2,45.09,65,20,11.41
338,Kushiro,JP,2129376,42.98,144.37,29.43,92,100,7.76
339,Mbandaka,CD,2312895,0.05,18.26,76.05,70,1,0.4
340,Aracoiaba,BR,3407367,-4.37,-38.81,76.41,93,100,3.76
341,Newark,US,5101798,40.74,-74.17,53.17,22,75,13.87
342,Upata,VE,3625710,8.01,-62.4,87.21,44,98,2.84
343,Bariloche,AR,7647007,-41.15,-71.31,66.2,25,0,9.17
344,Safranbolu,TR,740430,41.25,32.69,42.57,88,22,2.55
345,Mayo,US,4362001,38.89,-76.51,55.42,34,90,3.36
346,Half Moon Bay,US,5354943,37.46,-122.43,50.23,93,40,6.93
347,Namatanai,PG,2090021,-3.67,152.43,82.71,74,100,5.28
348,Vangaindrano,MG,1054329,-23.35,47.6,72.63,96,78,4.07
349,Uray,RU,1488429,60.12,64.78,30.69,85,22,10.87
350,Yomou,GN,2414079,7.56,-9.27,80.55,70,77,5.99
351,São Borja,BR,3449340,-28.66,-56,99.99,24,70,3.69
352,Yar-Sale,RU,1486321,66.83,70.83,2.43,89,98,16.73
353,Lamu,KE,189741,-2.27,40.9,84.51,76,41,11.61
354,Kushikino,JP,1858041,31.72,130.27,40.96,74,75,4.7
355,Batemans Bay,AU,2176639,-35.72,150.18,44.37,75,0,3.69
356,Makakilo City,US,5850554,21.35,-158.09,79.43,51,40,5.82
357,Lianran,CN,1803886,24.92,102.48,50.76,100,4,2.24
358,Saint-Joseph,RE,6690296,-21.37,55.62,74.39,73,20,8.05
359,Keetmanshoop,NA,3356264,-26.58,18.13,80.6,26,0,13.87
360,Maragogi,BR,3395458,-9.01,-35.22,82.53,74,100,12.24
361,Kieta,PG,2094027,-6.22,155.63,83.25,78,100,11.21
362,Solton,RU,1491428,52.84,86.48,29.61,83,100,8.9
363,Hualmay,PE,3939761,-11.1,-77.61,78.21,62,100,9.22
364,Inhambane,MZ,1045114,-23.86,35.38,78.21,81,0,8.28
365,Glace Bay,CA,5961564,46.2,-59.96,35.02,59,90,32.21
366,Yulara,AU,6355222,-25.24,130.99,77,29,0,13.87
367,Florián,CO,3682395,5.8,-73.97,72.27,90,86,1.5
368,Vostok,RU,2013279,46.49,135.88,7.65,96,100,2.06
369,Tucker,US,4227213,33.85,-84.22,71.8,53,40,8.05
370,Haines Junction,CA,5969025,60.75,-137.51,25.29,68,0,1.9
371,Camaçari,BR,3468031,-12.7,-38.32,82.4,83,75,9.17
372,Viedma,AR,3832899,-40.81,-63,68.13,34,0,13.69
373,Oskaloosa,US,4870239,41.3,-92.64,34.99,85,90,13.87
374,Beira,MZ,1052373,-19.84,34.84,77,94,20,4.7
375,Tegul'det,RU,1489822,57.31,88.17,31.95,96,100,17.4
376,Tonj,SS,365763,7.27,28.68,84.87,26,47,5.03
377,Quatre Cocos,MU,1106643,-20.21,57.76,76.12,88,40,3.36
378,Aasiaat,GL,3424901,68.71,-52.87,-5.13,93,100,6.13
379,Mahrīz,IR,124274,31.59,54.43,66.2,52,40,8.84
380,Samaná,DO,3492997,19.21,-69.34,77.97,83,75,4.7
381,San Cristobal,VE,3628473,7.77,-72.22,84.2,62,75,9.17
382,Zyryanka,RU,2119283,65.75,150.85,-18.81,91,100,12.44
383,Mount Gambier,AU,2156643,-37.83,140.77,53.6,76,90,8.05
384,Changping,CN,2038154,40.22,116.22,46.44,41,0,4.47
385,Yokadouma,CM,2220853,3.52,15.05,79.11,23,94,1.21
386,Sangar,RU,2017215,63.92,127.47,-11.79,93,100,8.52
387,Athabasca,CA,5887916,54.72,-113.29,3.51,79,100,5.28
388,Carnot,CF,2387495,4.94,15.87,84.33,14,95,6.49
389,Talara,PE,3691582,-4.58,-81.27,62.6,100,40,11.41
390,Tessalit,ML,2449893,20.2,1.01,77.31,11,72,9.6
391,Waterloo,CA,6176823,43.47,-80.52,34.7,66,90,6.93
392,Smidovich,RU,2016412,48.6,133.82,3.33,97,79,7.36
393,Severo-Kuril'sk,RU,2121385,50.68,156.12,12.87,81,0,4.76
394,Zavyalovo,RU,1505506,54.51,82.45,35.6,80,90,15.66
395,Yenagoa,NG,2318123,4.92,6.26,81.27,82,100,4.76
396,Belaya Gora,RU,2126785,68.53,146.42,-29.97,89,41,1.77
397,Khandyga,RU,2022773,62.67,135.6,-24.93,96,0,3.76
398,Port Moresby,PG,2088122,-9.44,147.18,75.2,100,20,11.41
399,Novo Aripuanã,BR,3663142,-5.12,-60.38,76.05,96,100,1.7
400,Sladkovo,RU,1491719,55.53,70.34,31.23,92,83,12.82
401,Najrān,SA,103630,17.49,44.13,80.6,32,40,5.82
402,Nouadhibou,MR,2377457,20.93,-17.03,68,72,0,18.34
403,Emerald,AU,2167426,-23.53,148.17,68,64,0,10.29
404,Honningsvåg,NO,779554,70.98,25.97,24.39,67,100,26.08
405,Solnechnyy,RU,2016307,50.72,136.63,2.79,87,18,6.73
406,Richards Bay,ZA,962367,-28.78,32.04,77.31,87,0,7.52
407,Lufilufi,WS,4035249,-13.87,-171.6,87.48,70,40,11.41
408,Cherskiy,RU,2126199,68.75,161.3,-8.73,82,100,3.13
409,Talaya,RU,2120769,61.38,152.75,-11.61,98,100,3.56
410,San Policarpo,PH,1688696,12.18,125.51,76.05,73,90,4.97
411,Polson,US,5671996,47.69,-114.16,14,56,90,24.16
412,Wamba,NG,2319257,8.93,8.6,76.41,16,100,2.57
413,Guntakal,IN,1270670,15.17,77.38,75.69,58,0,8.3
414,Boende,CD,218680,-0.22,20.87,77.13,69,32,1.86
415,Ban Nahin,LA,1661950,18.24,104.21,73.89,70,94,4.81
416,Coquimbo,CL,3893629,-29.95,-71.34,68,72,27,14.99
417,Meulaboh,ID,1214488,4.14,96.13,83.43,73,100,7.02
418,Yuzhno-Kurilsk,RU,2119447,44.03,145.86,28.53,77,100,9.44
419,Dudinka,RU,1507116,69.41,86.18,30.2,100,75,22.37
420,Gorgota,RO,676907,44.78,26.08,46.71,100,100,5.82
421,Köflach,AT,2773848,47.07,15.08,42.49,56,75,3.36
422,Sorbhog,IN,1255708,26.5,90.87,69.03,69,100,6.6
423,Villanueva de la Serena,ES,2509553,38.98,-5.8,64,56,15,2.71
424,Padang,ID,1633419,-0.95,100.35,68.31,93,83,4.54
425,Adrar,MR,2381972,20.5,-10.07,70.47,8,0,3.89
426,Marsh Harbour,BS,3571913,26.54,-77.06,74.97,76,5,10.25
427,Jiazi,CN,1805935,22.88,116.07,60.03,87,1,4.5
428,Jabonga,PH,1710399,9.34,125.52,74.25,85,39,3.65
429,Mātherān,IN,1263370,18.98,73.27,77,53,20,3.36
430,Fairbanks,US,5861897,64.84,-147.72,18.64,67,90,5.82
431,Iqaluit,CA,5983720,63.75,-68.51,-16.35,62,20,12.75
432,Nicoya,CR,3622716,10.15,-85.45,95,41,20,16.11
433,Lata,PT,2738381,40.16,-8.33,52.3,81,0,5.82
434,Oktyabr'skiy,RU,515879,54.48,53.47,32.13,99,100,4.16
435,Portobelo,PA,3702577,9.55,-79.65,90.43,41,20,16.11
436,Muros,ES,3115824,42.78,-9.06,49.44,93,7,2.24
437,Kingaroy,AU,2161376,-26.53,151.83,62.78,82,18,11.41
438,Tiznit Province,MA,2527087,29.58,-9.5,54.09,85,41,3.78
439,Wanning,CN,1791779,18.8,110.4,72.09,95,100,6.85
440,Acarí,PE,3948613,-15.43,-74.62,71.55,74,100,8.66
441,Hong Kong,HK,1819729,22.29,114.16,66.92,52,20,8.05
442,Santa Isabel Rio Negro,BR,3662489,-0.41,-65.02,89.55,56,92,1.7
443,Champerico,GT,3598787,14.3,-91.92,89.6,62,40,6.93
444,Kasempa,ZM,912628,-13.46,25.83,64.53,95,80,2.17
445,Bilma,NE,2446796,18.69,12.92,66.69,16,0,6.73
446,Siddipet,IN,1256377,18.1,78.85,73.17,64,46,4.94
447,Nhulunbuy,AU,2064735,-12.23,136.77,75.2,94,73,4.7
448,Thaton,MM,1292288,16.92,97.37,72.27,57,93,1.83
449,Merauke,ID,2082539,-8.47,140.33,75.51,94,57,4.45
450,Sur,OM,286245,22.57,59.53,68.67,32,100,6.17
451,Tahoua,NE,2439376,14.89,5.27,86,8,92,6.93
452,Narón,ES,3115739,43.52,-8.15,49.71,87,20,1.12
453,Ucluelet,CA,6171633,48.93,-125.55,43.41,22,20,9.17
454,Recea,RO,669043,47.63,23.52,39.38,52,68,3.36
455,Lima,PE,3936456,-12.04,-77.03,80.6,61,100,14.99
456,Port Blair,IN,1259385,11.67,92.75,81.99,69,25,6.26
457,Pingxiang,CN,1798654,27.62,113.85,47.97,77,0,1.95
458,Laguna,US,5364271,38.42,-121.42,49.6,81,90,10.29
459,Anna Paulowna,NL,2757220,52.86,4.83,46.96,87,90,17.22
460,Usinsk,RU,863061,65.99,57.53,7.29,86,100,11.43
461,Cap Malheureux,MU,934649,-19.98,57.61,76.01,88,40,3.36
462,Chumikan,RU,2025256,54.72,135.31,-1.89,82,0,5.28
463,Krasnosel'kup,RU,1502073,65.7,82.47,31.95,97,100,14.45
464,Muhos,FI,645765,64.81,25.99,15.13,72,63,6.93
465,Topolobampo,MX,3981345,25.6,-109.05,81,27,40,12.75
466,Bayir,TR,304183,37.27,28.22,50,93,100,3.36
467,Briceni,MD,618512,48.36,27.7,34,69,41,8.75
468,Ganzhou,CN,1810637,28.82,115.43,48.51,60,0,2.91
469,Eureka,US,5563397,40.8,-124.16,47.43,87,75,13.87
470,Östersund,SE,2685750,63.18,14.64,25.79,45,40,12.75
471,Americus,US,4179667,32.07,-84.23,83.53,35,40,8.05
472,Fairlie,GB,2649738,55.76,-4.86,49.23,81,100,24.16
473,Otane,NZ,2185329,-39.88,176.63,60.01,85,7,3.47
474,Cabrero,CL,3897557,-37.03,-72.4,75.9,27,2,16.11
475,Mubende,UG,228971,0.56,31.39,65.61,93,19,0.65
476,Sorong,ID,1626542,-0.88,131.25,72.99,98,100,1.36
477,Nānākuli,US,5851349,21.39,-158.15,79.39,78,90,6.93
478,Makkah al Mukarramah,SA,104515,21.43,39.83,66.33,54,0,2.77
479,Rawson,AR,3839307,-43.3,-65.1,61.65,64,0,12.82
480,Khuldābād,IN,1266631,20.05,75.18,65.43,16,0,7.76
481,Lena,ES,3118547,43.1,-5.73,43.36,87,31,2.24
482,Iralaya,HN,3608828,15,-83.23,80.19,79,15,15.88
483,Preobrazheniye,RU,2017658,42.9,133.91,25.47,80,100,3.6
484,Reyes,BO,3906478,-14.32,-67.38,95,56,75,3.69
485,Dillon,US,4576653,34.42,-79.37,69.37,40,90,4.7
486,Palu,ID,1633034,-0.89,119.87,66.87,97,100,1.77
487,Pacifica,US,5380420,37.61,-122.49,49.96,93,40,6.93
488,Ponnāni,IN,1259411,10.77,75.93,80.6,69,20,1.28
489,Sioux Lookout,CA,6148373,50.1,-91.92,21.36,24,1,6.93
490,Bathurst,AU,2176632,-33.42,149.58,48.42,83,0,5.01
491,Den Helder,NL,2757220,52.96,4.76,47.05,87,90,17.22
492,Baikunthpur,IN,1277769,23.25,82.55,65.79,90,34,2.77
493,Sisimiut,GL,3419842,66.94,-53.67,-10.53,96,91,2.98
494,Abu Dhabi,AE,292968,24.47,54.37,74.75,83,100,3.36
495,Camacha,PT,2270385,33.08,-16.33,59.31,63,75,12.75
496,La Asuncion,VE,3480908,11.03,-63.86,87.8,55,1,14.99
497,Königs Wusterhausen,DE,2885732,52.3,13.63,35.26,50,10,6.93
498,Luganville,VU,2136150,-15.53,167.17,77,88,90,8.05
499,Berlevåg,NO,780687,70.86,29.09,22.05,74,93,28.68
500,Yeppoon,AU,2142316,-23.13,150.73,71.6,68,14,3.36
501,Hay River,CA,5972762,60.82,-115.8,12.2,39,75,16.11
502,Cavalcante,BR,3466594,-13.8,-47.46,69.93,88,46,5.44
503,Taksimo,RU,2015701,56.34,114.88,-1.53,94,100,0.87
504,Zhigansk,RU,2012530,66.77,123.37,-5.85,95,100,21.77
505,Annau,TM,162199,37.89,58.52,66.2,42,90,4.7
506,Kamenka,RU,553766,51.32,42.77,37,91,0,5.01
507,Beloha,MG,1067565,-25.17,45.05,73.35,82,100,11.41
508,Xining,CN,1788852,36.62,101.77,29.61,38,100,3.18
509,Pangnirtung,CA,6096551,66.15,-65.71,-29.61,98,100,3.4
510,Carutapera,BR,3402648,-1.2,-46.02,81.45,83,67,13.78
511,Matadi,CD,2313002,-5.82,13.45,76.77,94,99,2.17
512,Cururupu,BR,3401148,-1.83,-44.87,78.39,93,100,3.02
513,Kenda,IN,1267290,23.2,86.53,66.15,78,100,7.27
514,South Sioux City,US,5079250,42.47,-96.41,32.83,74,75,12.75
515,Paldiski,EE,589663,59.36,24.05,29.28,63,20,14.99
516,Virden,US,4252060,39.5,-89.77,36.66,93,90,11.41
517,Charters Towers,AU,2171722,-20.1,146.27,68.31,67,78,5.97
518,Totness,SR,3382867,5.88,-56.32,80.37,77,38,17.13
519,Mitsamiouli,KM,921786,-11.38,43.28,83.07,78,100,11.74
520,Ayan,RU,2027316,56.45,138.17,-6.39,68,0,11.72
521,Iranshahr,IR,1160939,27.2,60.68,68,28,100,4.7
522,Izmalkovo,RU,554806,52.69,37.96,34.29,89,100,17.52
523,Mount Isa,AU,2065594,-20.73,139.5,73.4,49,42,8.05
524,Grindavik,IS,3416888,63.84,-22.43,25.66,68,40,11.41
525,Chara,RU,2025630,56.91,118.26,-7.29,79,100,2.21
526,Antofagasta,CL,3899539,-23.65,-70.4,69.8,68,20,14.99
527,‘Āhuimanu,US,5856516,21.44,-157.84,79.39,61,20,9.17
528,Acajutla,SV,3587498,13.59,-89.83,86.94,32,40,3.36
529,Kirakira,SB,2178753,-10.45,161.92,81.27,82,97,12.1
530,Grand-Santi,GF,3381538,4.25,-54.38,94.77,33,100,5.17
531,Xam Nua,LA,1652203,20.42,104.04,62.91,93,90,2.8
532,Lyuban',BY,625721,52.8,28,25.83,89,63,12.82
533,Zhuhai,CN,1790437,22.28,113.57,67.3,72,20,11.41
534,La Palma,US,5364022,33.85,-118.05,59.09,63,90,6.15
535,Pecos,US,5528182,31.42,-103.49,75.9,31,1,6.29
536,Kharhiāl,IN,1266924,20.28,82.77,73.89,65,67,7.05
537,Tazmalt,DZ,2477537,36.39,4.4,59,82,40,4.7
538,Husavik,IS,2629833,66.04,-17.34,6.8,84,40,12.75
539,Gayny,RU,561698,60.31,54.32,23.13,93,62,5.55
540,Pechenga,RU,511865,69.53,31.17,6.8,77,55,20.8
541,Ginda,IN,1253628,30.69,78.49,40.59,77,81,3.22
542,Faya,SA,110690,18.39,42.45,59.88,87,5,13.87
543,Newcastle,AU,2155472,-32.93,151.78,60.82,68,90,16.11
544,Smiths Falls,CA,6150174,44.9,-76.02,42.89,41,75,19.46
545,Avera,US,4231997,33.19,-82.53,80.87,51,40,10.29
546,Belmonte,BR,3470137,-15.86,-38.88,81.84,74,20,4.7
547,Mehamn,NO,778707,71.04,27.85,11.61,77,100,15.95
548,North Battleford,CA,6089404,52.78,-108.28,7.43,60,75,18.34
549,Jiangyou,CN,1885823,31.77,104.72,42.93,59,20,2.01
550,Pathein,MM,1328421,16.78,94.73,77.31,86,3,10.58
551,Pedernales,DO,3495137,18.04,-71.74,87.8,58,40,17.22
552,Mattru,SL,2409215,7.62,-11.83,81.27,77,100,6.02
553,Djambala,CG,2260401,-2.54,14.75,77.49,54,100,4.52
554,Ponta Delgada,PT,3372783,37.73,-25.67,57.2,76,20,3.36
555,Pantayivka,UA,698008,48.67,32.88,35.73,58,0,12.26
556,São Filipe,CV,3374210,14.9,-24.5,75.15,51,27,15.95
557,Havre-St-Pierre,CA,5972291,50.23,-63.6,28.4,86,90,16.11
558,Minsk,BY,625144,53.9,27.57,24.8,79,76,13.42
559,Anadyr,RU,2127202,64.75,177.48,19.4,92,40,31.32
560,La Libertad,EC,3655131,-2.23,-80.9,84.2,70,87,5.82
561,Bukachacha,RU,2026023,52.98,116.92,-1.17,89,0,1.99
562,Sakaiminato,JP,1853174,35.55,133.23,37.4,93,75,6.93
563,Tallahassee,US,4174715,30.44,-84.28,84.34,40,75,6.93
564,Golspie,GB,2648341,57.97,-3.98,43.77,75,20,12.75
